{
  "build": {
    "core": "stm32",
    "cpu": "cortex-m4",
    "extra_flags": "-DSTM32F40_41xxx -DSTM32F407xx",
    "f_cpu": "168000000L",
    "mcu": "stm32f407vet6",
    "product_line": "STM32F407xx",
    "variant": "stm32f4"
  },
  "debug": {
    "default_tools": [
      "blackmagic"
    ],
    "jlink_device": "STM32F407VE",
    "onboard_tools": [
      "blackmagic"
    ],
    "openocd_target": "stm32f4x",
    "svd_path": "STM32F40x.svd"
  },
  "frameworks": [
    "cmsis",
    "spl",
    "stm32cube",
    "libopencm3"
  ],
  "name": "Armstrap Eagle 512",
  "upload": {
    "maximum_ram_size": 196608,
    "maximum_size": 524288,
    "protocol": "blackmagic",
    "protocols": [
      "jlink",
      "cmsis-dap",
      "stlink",
      "blackmagic"
    ]
  },
  "url": "http://docs.armstrap.org/en/latest/hardware-overview.html",
  "vendor": "Armstrap"
}
