{
  "build": {
    "core": "stm32",
    "cpu": "cortex-m4",
    "extra_flags": "-DSTM32F427_437xx -DSTM32F427xx",
    "f_cpu": "168000000L",
    "mcu": "stm32f427vit6",
    "product_line": "STM32F427xx",
    "variant": "stm32f4"
  },
  "debug": {
    "default_tools": [
      "blackmagic"
    ],
    "jlink_device": "STM32F427VI",
    "onboard_tools": [
      "blackmagic"
    ],
    "openocd_target": "stm32f4x",
    "svd_path": "STM32F427x.svd"
  },
  "frameworks": [
    "cmsis",
    "spl",
    "stm32cube",
    "libopencm3"
  ],
  "name": "Armstrap Eagle 2048",
  "upload": {
    "maximum_ram_size": 262144,
    "maximum_size": 2091752,
    "protocol": "blackmagic",
    "protocols": [
      "jlink",
      "cmsis-dap",
      "stlink",
      "blackmagic"
    ]
  },
  "url": "http://docs.armstrap.org/en/latest/hardware-overview.html",
  "vendor": "Armstrap"
}
