{
  "build": {
    "cpu": "cortex-m4",
    "extra_flags": "-DSTM32F411xE",
    "f_cpu": "100000000L",
    "mcu": "stm32f411ce",
    "product_line": "STM32F411xE",
    "zephyr": {
       "variant": "96b_neonkey"
    }
  },
  "connectivity": [
    "can"
  ],
  "debug": {
    "jlink_device": "STM32F411CE",
    "openocd_target": "stm32f4x",
    "svd_path": "STM32F411xx.svd"
  },
  "frameworks": [
    "cmsis",
    "stm32cube",
    "libopencm3",
    "zephyr"
  ],
  "name": "96Boards Neonkey",
  "upload": {
    "maximum_ram_size": 131072,
    "maximum_size": 524288,
    "protocol": "stlink",
    "protocols": [
      "jlink",
      "cmsis-dap",
      "stlink",
      "blackmagic",
      "mbed"
    ]
  },
  "url": "https://www.96boards.org/product/neonkey/",
  "vendor": "96Boards"
}
