{
  "build": {
    "cpu": "cortex-m4",
    "extra_flags": "-DSTM32F446xx",
    "f_cpu": "168000000L",
    "mcu": "stm32f446vet6",
    "product_line": "STM32F446xx",
    "zephyr": {
       "variant": "96b_stm32_sensor_mez"
    }
  },
  "connectivity": [
    "can"
  ],
  "debug": {
    "default_tools": [
      "stlink"
    ],
    "jlink_device": "STM32F446VE",
    "onboard_tools": [
      "stlink"
    ],
    "openocd_board": "st_nucleo_f4",
    "openocd_target": "stm32f4x",
    "svd_path": "STM32F446x.svd"
  },
  "frameworks": [
    "cmsis",
    "mbed",
    "stm32cube",
    "libopencm3",
    "zephyr"
  ],
  "name": "96Boards B96B-F446VE",
  "upload": {
    "maximum_ram_size": 131072,
    "maximum_size": 524288,
    "protocol": "stlink",
    "protocols": [
      "jlink",
      "cmsis-dap",
      "stlink",
      "blackmagic",
      "mbed"
    ]
  },
  "url": "https://developer.mbed.org/platforms/ST-B96B-F446VE/",
  "vendor": "96Boards"
}
