{
  "build": {
    "core": "stm32",
    "cpu": "cortex-m4",
    "extra_flags": "-DSTM32F4xx -DSTM32F401xE",
    "f_cpu": "84000000L",
    "mcu": "stm32f401ceu6",
    "product_line": "STM32F401xE",
    "variant": "Generic_F401Cx"
  },
  "connectivity": [
    "can"
  ],
  "debug": {
    "jlink_device": "STM32F401CE",
    "openocd_target": "stm32f4x",
    "svd_path": "STM32F40x.svd"
  },
  "frameworks": [
    "arduino",
    "cmsis",
    "stm32cube",
    "libopencm3"
  ],
  "name": "BlackPill F401CE",
  "upload": {
    "maximum_ram_size": 98304,
    "maximum_size": 524288,
    "protocol": "stlink",
    "protocols": [
      "jlink",
      "cmsis-dap",
      "stlink",
      "blackmagic",
      "serial",
      "dfu"
    ]
  },
  "url": "https://www.st.com/en/microcontrollers-microprocessors/stm32f401ce.html",
  "vendor": "ST"
}
