{
  "build": {
    "core": "stm32",
    "cpu": "cortex-m4",
    "extra_flags": "-DSTM32F4xx -DSTM32F411xE",
    "f_cpu": "100000000L",
    "mcu": "stm32f411ceu6",
    "product_line": "STM32F411xE",
    "variant": "Generic_F411Cx"
  },
  "connectivity": [
    "can"
  ],
  "debug": {
    "jlink_device": "STM32F411CE",
    "openocd_target": "stm32f4x",
    "svd_path": "STM32F411xx.svd"
  },
  "frameworks": [
    "arduino",
    "cmsis",
    "stm32cube",
    "libopencm3",
    "zephyr"
  ],
  "name": "WeAct BlackPill V2.0 (BlackPill F411CE)",
  "upload": {
    "maximum_ram_size": 131072,
    "maximum_size": 524288,
    "protocol": "stlink",
    "protocols": [
      "jlink",
      "cmsis-dap",
      "stlink",
      "blackmagic",
      "serial",
      "dfu"
    ]
  },
  "url": "https://github.com/mcauser/WEACT_F411CEU6",
  "vendor": "WeAct"
}
