{
  "build": {
    "core": "stm32",
    "cpu": "cortex-m4",
    "extra_flags": "-DSTM32F4 -DSTM32F407xx -DSTM32F40_41xxx",
    "f_cpu": "168000000L",
    "framework_extra_flags": {
      "arduino": "-DARDUINO_BLACK_F407VE"
    },
    "mcu": "stm32f407vet6",
    "product_line": "STM32F407xx",
    "variant": "BLACK_F407XX"
  },
  "connectivity": [
    "can"
  ],
  "debug": {
    "jlink_device": "STM32F407VE",
    "openocd_target": "stm32f4x",
    "svd_path": "STM32F40x.svd"
  },
  "frameworks": [
    "arduino",
    "cmsis",
    "stm32cube",
    "libopencm3",
    "zephyr"
  ],
  "name": "Black STM32F407VE",
  "upload": {
    "maximum_ram_size": 131072,
    "maximum_size": 524288,
    "protocol": "stlink",
    "protocols": [
      "jlink",
      "cmsis-dap",
      "stlink",
      "blackmagic",
      "serial"
    ]
  },
  "url": "https://www.st.com/en/microcontrollers/stm32f407ve.html",
  "vendor": "ST"
}
