{
  "build": {
    "cpu": "cortex-m4",
    "extra_flags": "-DSTM32L476xx",
    "f_cpu": "80000000L",
    "mcu": "stm32l476rgt6",
    "product_line": "STM32L476xx"
  },
  "debug": {
    "default_tools": [
      "stlink"
    ],
    "jlink_device": "STM32L476RG",
    "onboard_tools": [
      "stlink"
    ],
    "openocd_board": "st_nucleo_l4",
    "openocd_target": "stm32l4x",
    "svd_path": "STM32L4x6.svd"
  },
  "frameworks": [
    "cmsis",
    "mbed",
    "stm32cube",
    "libopencm3"
  ],
  "name": "RushUp Cloud-JAM L4",
  "upload": {
    "maximum_ram_size": 131072,
    "maximum_size": 1048576,
    "protocol": "stlink",
    "protocols": [
      "jlink",
      "cmsis-dap",
      "stlink",
      "blackmagic",
      "mbed"
    ]
  },
  "url": "https://developer.mbed.org/platforms/ST-Nucleo-L476RG/",
  "vendor": "RushUp"
}
