{
  "build": {
    "core": "stm32",
    "cpu": "cortex-m4",
    "extra_flags": "-DSTM32F4 -DSTM32F401xE -DSTM32F40_41xxx",
    "f_cpu": "84000000L",
    "mcu": "stm32f401ret6",
    "product_line": "STM32F401xE",
    "variant": "stm32f401xe"
  },
  "debug": {
    "default_tools": [
      "stlink"
    ],
    "jlink_device": "STM32F401RE",
    "onboard_tools": [
      "stlink"
    ],
    "openocd_board": "st_nucleo_f4",
    "openocd_target": "stm32f4x",
    "svd_path": "STM32F401xE.svd"
  },
  "frameworks": [
    "mbed",
    "cmsis",
    "spl",
    "stm32cube",
    "libopencm3"
  ],
  "name": "RushUp Cloud-JAM",
  "upload": {
    "maximum_ram_size": 98304,
    "maximum_size": 524288,
    "protocol": "stlink",
    "protocols": [
      "jlink",
      "cmsis-dap",
      "stlink",
      "blackmagic",
      "mbed"
    ]
  },
  "url": "https://developer.mbed.org/platforms/ST-Nucleo-F401RE/",
  "vendor": "RushUp"
}
