{
  "build": {
    "core": "stm32",
    "cpu": "cortex-m4",
    "extra_flags": "-DSTM32F4xx -DSTM32F401xC",
    "f_cpu": "84000000L",
    "mcu": "stm32f401rct6",
    "product_line": "STM32F401xC",
    "variant": "Generic_F401Rx"
  },
  "connectivity": [
    "can"
  ],
  "debug": {
    "jlink_device": "STM32F401RC",
    "openocd_target": "stm32f4x",
    "svd_path": "STM32F40x.svd"
  },
  "frameworks": [
    "arduino",
    "cmsis",
    "stm32cube",
    "libopencm3"
  ],
  "name": "Core board F401RCT6",
  "upload": {
    "maximum_ram_size": 65536,
    "maximum_size": 262144,
    "protocol": "stlink",
    "protocols": [
      "jlink",
      "cmsis-dap",
      "stlink",
      "blackmagic",
      "hid",
      "serial",
      "dfu"
    ]
  },
  "url": "https://www.st.com/en/microcontrollers-microprocessors/stm32f401rc.html",
  "vendor": "ST"
}
