{
  "build": {
    "cpu": "cortex-m7",
    "extra_flags": "-DSTM32F746xx",
    "f_cpu": "216000000L",
    "mcu": "stm32f746ngh6",
    "product_line": "STM32F746xx",
    "variant": "DISCO_F746NG",
    "zephyr": {
       "variant": "stm32f746g_disco"
    }
  },
  "connectivity": [
    "can",
    "ethernet"
  ],
  "debug": {
    "default_tools": [
      "stlink"
    ],
    "jlink_device": "STM32F746NG",
    "onboard_tools": [
      "stlink"
    ],
    "openocd_board": "stm32f7discovery",
    "openocd_target": "stm32f7x",
    "svd_path": "STM32F7x6.svd"
  },
  "frameworks": [
    "arduino",
    "cmsis",
    "mbed",
    "stm32cube",
    "libopencm3",
    "zephyr"
  ],
  "name": "ST 32F746GDISCOVERY",
  "upload": {
    "maximum_ram_size": 327680,
    "maximum_size": 1048576,
    "protocol": "stlink",
    "protocols": [
      "jlink",
      "cmsis-dap",
      "stlink",
      "blackmagic",
      "mbed"
    ]
  },
  "url": "http://www.st.com/content/st_com/en/products/evaluation-tools/product-evaluation-tools/mcu-eval-tools/stm32-mcu-eval-tools/stm32-mcu-discovery-kits/32f746gdiscovery.html",
  "vendor": "ST"
}
