{
  "build": {
    "cpu": "cortex-m0plus",
    "extra_flags": "-DSTM32L053xx",
    "f_cpu": "32000000L",
    "mcu": "stm32l053c8t6",
    "product_line": "STM32L053xx"
  },
  "debug": {
    "default_tools": [
      "stlink"
    ],
    "jlink_device": "STM32L053C8",
    "onboard_tools": [
      "stlink"
    ],
    "openocd_board": "stm32l0discovery",
    "openocd_target": "stm32l0",
    "svd_path": "STM32L053x.svd"
  },
  "frameworks": [
    "cmsis",
    "mbed",
    "stm32cube",
    "libopencm3"
  ],
  "name": "ST 32L0538DISCOVERY",
  "upload": {
    "maximum_ram_size": 8192,
    "maximum_size": 65536,
    "protocol": "stlink",
    "protocols": [
      "jlink",
      "cmsis-dap",
      "stlink",
      "blackmagic",
      "mbed"
    ]
  },
  "url": "http://www.st.com/web/en/catalog/tools/PF260319",
  "vendor": "ST"
}
