{
  "build": {
    "cpu": "cortex-m0",
    "extra_flags": "-DSTM32F072xB",
    "f_cpu": "48000000L",
    "mcu": "stm32f072rbt6",
    "product_line": "STM32F072xB",
    "variant": "DISCO_F072RB",
    "zephyr": {
       "variant": "stm32f072b_disco"
    }
  },
  "connectivity": [
    "can"
  ],
  "debug": {
    "default_tools": [
      "stlink"
    ],
    "jlink_device": "STM32F072RB",
    "onboard_tools": [
      "stlink"
    ],
    "openocd_board": "stm32f0discovery",
    "openocd_target": "stm32f0x",
    "svd_path": "STM32F072x.svd"
  },
  "frameworks": [
    "arduino",
    "cmsis",
    "mbed",
    "stm32cube",
    "libopencm3",
    "zephyr"
  ],
  "name": "ST Discovery F072RB",
  "upload": {
    "maximum_ram_size": 16384,
    "maximum_size": 131072,
    "protocol": "stlink",
    "protocols": [
      "jlink",
      "cmsis-dap",
      "stlink",
      "blackmagic"
    ]
  },
  "url": "https://www.st.com/en/evaluation-tools/32f072bdiscovery.html",
  "vendor": "ST"
}
