{
  "build": {
    "core": "stm32",
    "cpu": "cortex-m4",
    "extra_flags": "-DSTM32F4 -DSTM32F407xx -DSTM32F40_41xxx",
    "f_cpu": "168000000L",
    "mcu": "stm32f407vgt6",
    "variant": "DISCO_F407VG",
    "product_line": "STM32F407xx",
    "zephyr": {
       "variant": "stm32f4_disco"
    }
  },
  "debug": {
    "default_tools": [
      "stlink"
    ],
    "jlink_device": "STM32F407VG",
    "onboard_tools": [
      "stlink"
    ],
    "openocd_board": "stm32f4discovery",
    "openocd_target": "stm32f4x",
    "svd_path": "STM32F40x.svd"
  },
  "frameworks": [
    "arduino",
    "mbed",
    "cmsis",
    "spl",
    "libopencm3",
    "stm32cube",
    "zephyr"
  ],
  "name": "ST STM32F4DISCOVERY",
  "upload": {
    "maximum_ram_size": 131072,
    "maximum_size": 1048576,
    "protocol": "stlink",
    "protocols": [
      "jlink",
      "cmsis-dap",
      "stlink",
      "blackmagic",
      "mbed"
    ]
  },
  "url": "http://www.st.com/web/catalog/tools/FM116/SC959/SS1532/LN1848/PF252419",
  "vendor": "ST"
}
