{
  "build": {
    "core": "stm32",
    "cpu": "cortex-m3",
    "extra_flags": "-DSTM32L1 -DSTM32L152xB -DSTM32L1XX_MD",
    "f_cpu": "32000000L",
    "mcu": "stm32l152rbt6",
    "product_line": "STM32L152xB",
    "variant": "stm32l152xb"
  },
  "debug": {
    "default_tools": [
      "stlink"
    ],
    "jlink_device": "STM32L152RB",
    "onboard_tools": [
      "stlink"
    ],
    "openocd_board": "st_nucleo_l1",
    "openocd_target": "stm32l1",
    "svd_path": "STM32L1xx.svd"
  },
  "frameworks": [
    "cmsis",
    "spl",
    "libopencm3",
    "stm32cube"
  ],
  "name": "ST STM32LDISCOVERY",
  "upload": {
    "maximum_ram_size": 16384,
    "maximum_size": 131072,
    "protocol": "stlink",
    "protocols": [
      "jlink",
      "cmsis-dap",
      "stlink",
      "blackmagic"
    ]
  },
  "url": "http://www.st.com/web/catalog/tools/FM116/SC959/SS1532/LN1848/PF258515",
  "vendor": "ST"
}
