{
  "build": {
    "cpu": "cortex-m4",
    "extra_flags": "-DSTM32F401xC",
    "f_cpu": "84000000L",
    "mcu": "stm32f401vct6",
    "product_line": "STM32F401xC"
  },
  "debug": {
    "default_tools": [
      "stlink"
    ],
    "jlink_device": "STM32F401VC",
    "onboard_tools": [
      "stlink"
    ],
    "openocd_board": "stm32f4discovery",
    "openocd_target": "stm32f4x",
    "svd_path": "STM32F401x.svd"
  },
  "frameworks": [
    "cmsis",
    "mbed",
    "stm32cube",
    "libopencm3"
  ],
  "name": "ST 32F401CDISCOVERY",
  "upload": {
    "maximum_ram_size": 65536,
    "maximum_size": 262144,
    "protocol": "stlink",
    "protocols": [
      "jlink",
      "cmsis-dap",
      "stlink",
      "blackmagic"
    ]
  },
  "url": "http://www.st.com/web/catalog/tools/FM116/SC959/SS1532/LN1848/PF259098",
  "vendor": "ST"
}
