{
  "build": {
    "core": "stm32",
    "cpu": "cortex-m4",
    "extra_flags": "-DSTM32F3 -DSTM32F303xC",
    "f_cpu": "72000000L",
    "mcu": "stm32f303vct6",
    "product_line": "STM32F303xC",
    "variant": "stm32f303xc",
    "zephyr": {
       "variant": "stm32f3_disco"
    }
  },
  "debug": {
    "default_tools": [
      "stlink"
    ],
    "jlink_device": "STM32F303VC",
    "onboard_tools": [
      "stlink"
    ],
    "openocd_board": "stm32f3discovery",
    "openocd_target": "stm32f3x",
    "svd_path": "STM32F30x.svd"
  },
  "frameworks": [
    "mbed",
    "cmsis",
    "spl",
    "libopencm3",
    "stm32cube",
    "zephyr"
  ],
  "name": "ST STM32F3DISCOVERY",
  "upload": {
    "maximum_ram_size": 49152,
    "maximum_size": 262144,
    "protocol": "stlink",
    "protocols": [
      "jlink",
      "cmsis-dap",
      "stlink",
      "blackmagic",
      "mbed"
    ]
  },
  "url": "http://www.st.com/web/catalog/tools/FM116/SC959/SS1532/LN1848/PF254044",
  "vendor": "ST"
}
