{
  "build": {
    "cpu": "cortex-m4",
    "extra_flags": "-DSTM32L476xx",
    "f_cpu": "80000000L",
    "mcu": "stm32l476vgt6",
    "product_line": "STM32L476xx",
    "zephyr": {
       "variant": "stm32l476g_disco"
    }
  },
  "connectivity": [
    "can"
  ],
  "debug": {
    "default_tools": [
      "stlink"
    ],
    "jlink_device": "STM32L476VG",
    "onboard_tools": [
      "stlink"
    ],
    "openocd_board": "stm32l4discovery",
    "openocd_target": "stm32l4x",
    "svd_path": "STM32L4x6.svd"
  },
  "frameworks": [
    "cmsis",
    "mbed",
    "stm32cube",
    "libopencm3",
    "zephyr"
  ],
  "name": "ST 32L476GDISCOVERY",
  "upload": {
    "maximum_ram_size": 131072,
    "maximum_size": 1048576,
    "protocol": "stlink",
    "protocols": [
      "jlink",
      "cmsis-dap",
      "stlink",
      "blackmagic",
      "mbed"
    ]
  },
  "url": "http://www.st.com/web/catalog/tools/FM116/CL1620/SC959/SS1532/LN1848/PF261635",
  "vendor": "ST"
}
