{
  "build": {
    "cpu": "cortex-m4",
    "extra_flags": "-DSTM32F4 -DSTM32F411xE",
    "f_cpu": "100000000L",
    "mcu": "stm32f411vet6",
    "product_line": "STM32F411xE",
    "zephyr": {
       "variant": "stm32f411e_disco"
    }
  },
  "debug": {
    "default_tools": [
      "stlink"
    ],
    "jlink_device": "STM32F411VE",
    "onboard_tools": [
      "stlink"
    ],
    "openocd_board": "stm32f4discovery",
    "openocd_target": "stm32f4x",
    "svd_path": "STM32F411xx.svd"
  },
  "frameworks": [
    "cmsis",
    "stm32cube",
    "libopencm3",
    "zephyr"
  ],
  "name": "ST 32F411EDISCOVERY",
  "upload": {
    "maximum_ram_size": 131072,
    "maximum_size": 524288,
    "protocol": "stlink",
    "protocols": [
      "jlink",
      "cmsis-dap",
      "stlink",
      "blackmagic"
    ]
  },
  "url": "http://www.st.com/en/evaluation-tools/32f411ediscovery.html",
  "vendor": "ST"
}
