{
  "build": {
    "cpu": "cortex-m7",
    "extra_flags": "-DSTM32F769xx",
    "f_cpu": "216000000L",
    "mcu": "stm32f769nih6",
    "product_line": "STM32F769xx",
    "zephyr": {
       "variant": "stm32f769i_disco"
    }
  },
  "connectivity": [
    "can",
    "ethernet"
  ],
  "debug": {
    "default_tools": [
      "stlink"
    ],
    "jlink_device": "STM32F769NI",
    "onboard_tools": [
      "stlink"
    ],
    "openocd_board": "stm32f7discovery",
    "openocd_target": "stm32f7x",
    "svd_path": "STM32F7x9.svd"
  },
  "frameworks": [
    "cmsis",
    "mbed",
    "stm32cube",
    "libopencm3",
    "zephyr"
  ],
  "name": "ST 32F769IDISCOVERY",
  "upload": {
    "maximum_ram_size": 524288,
    "maximum_size": 1048576,
    "protocol": "stlink",
    "protocols": [
      "jlink",
      "cmsis-dap",
      "stlink",
      "blackmagic",
      "mbed"
    ]
  },
  "url": "http://www.st.com/content/st_com/en/products/evaluation-tools/product-evaluation-tools/mcu-eval-tools/stm32-mcu-eval-tools/stm32-mcu-discovery-kits/32f769idiscovery.html",
  "vendor": "ST"
}
