{
  "build": {
    "cpu": "cortex-m0plus",
    "extra_flags": "-DSTM32L072xx",
    "f_cpu": "32000000L",
    "framework_extra_flags": {
      "arduino": "-D__CORTEX_SC=0"
    },
    "mcu": "stm32l072cz",
    "product_line": "STM32L072xx",
    "variant": "DISCO_L072CZ_LRWAN1",
    "zephyr": {
       "variant": "b_l072z_lrwan1"
    }
  },
  "debug": {
    "default_tools": [
      "stlink"
    ],
    "jlink_device": "STM32L072CZ",
    "onboard_tools": [
      "stlink"
    ],
    "openocd_board": "stm32l0discovery",
    "openocd_target": "stm32l0",
    "svd_path": "STM32L07x.svd"
  },
  "frameworks": [
    "arduino",
    "cmsis",
    "mbed",
    "stm32cube",
    "libopencm3",
    "zephyr"
  ],
  "name": "ST DISCO-L072CZ-LRWAN1",
  "upload": {
    "maximum_ram_size": 20480,
    "maximum_size": 196608,
    "protocol": "stlink",
    "protocols": [
      "jlink",
      "cmsis-dap",
      "stlink",
      "blackmagic",
      "mbed"
    ]
  },
  "url": "https://developer.mbed.org/platforms/ST-Discovery-LRWAN1/",
  "vendor": "ST"
}
