{
  "build": {
    "cpu": "cortex-m4",
    "extra_flags": "-DSTM32F334x8",
    "f_cpu": "72000000L",
    "mcu": "stm32f334c8t6",
    "product_line": "STM32F334x8"
  },
  "debug": {
    "default_tools": [
      "stlink"
    ],
    "jlink_device": "STM32F334C8",
    "onboard_tools": [
      "stlink"
    ],
    "openocd_board": "stm32f334discovery",
    "openocd_target": "stm32f3x",
    "svd_path": "STM32F334x.svd"
  },
  "frameworks": [
    "cmsis",
    "mbed",
    "stm32cube",
    "libopencm3"
  ],
  "name": "ST 32F3348DISCOVERY",
  "upload": {
    "maximum_ram_size": 12288,
    "maximum_size": 65536,
    "protocol": "stlink",
    "protocols": [
      "jlink",
      "cmsis-dap",
      "stlink",
      "blackmagic",
      "mbed"
    ]
  },
  "url": "http://www.st.com/web/en/catalog/tools/PF260318",
  "vendor": "ST"
}
