{
  "build": {
    "cpu": "cortex-m4",
    "extra_flags": "-DSTM32F411xE",
    "f_cpu": "100000000L",
    "mcu": "stm32f411ret6",
    "product_line": "STM32F411xE"
  },
  "debug": {
    "default_tools": [
      "stlink"
    ],
    "jlink_device": "STM32F411RE",
    "openocd_board": "st_nucleo_f4",
    "openocd_target": "stm32f4x",
    "svd_path": "STM32F411xx.svd"
  },
  "frameworks": [
    "cmsis",
    "mbed",
    "stm32cube",
    "libopencm3"
  ],
  "name": "Espotel LoRa Module",
  "upload": {
    "maximum_ram_size": 131072,
    "maximum_size": 524288,
    "protocol": "stlink",
    "protocols": [
      "jlink",
      "cmsis-dap",
      "stlink",
      "blackmagic"
    ]
  },
  "url": "https://developer.mbed.org/platforms/Espotel-ELMO/",
  "vendor": "Espotel"
}
