{
  "build": {
    "core": "stm32",
    "cpu": "cortex-m4",
    "extra_flags": "-DSTM32F401xC -DSTM32F4xx",
    "f_cpu": "84000000L",
    "mcu": "stm32f401cb",
    "product_line": "STM32F401xC",
    "variant": "Generic_F401Cx"
  },
  "debug": {
    "jlink_device": "STM32F401CB",
    "openocd_target": "stm32f4x",
    "svd_path": "STM32F401x.svd"
  },
  "frameworks": [
    "arduino",
    "cmsis",
    "stm32cube",
    "libopencm3"
  ],
  "name": "STM32F401CB (64k RAM. 128k Flash)",
  "upload": {
    "maximum_ram_size": 65536,
    "maximum_size": 131072,
    "protocol": "serial",
    "protocols": [
      "blackmagic",
      "dfu",
      "jlink",
      "serial",
      "stlink"
    ]
  },
  "url": "https://www.st.com/en/microcontrollers-microprocessors/stm32f401cb.html",
  "vendor": "Generic"
}
