{
  "build": {
    "core": "stm32",
    "cpu": "cortex-m3",
    "extra_flags": "-DSTM32F103xB -DSTM32F1",
    "f_cpu": "72000000L",
    "hwids": [
      [
        "0x1EAF",
        "0x0003"
      ],
      [
        "0x1EAF",
        "0x0004"
      ]
    ],
    "mcu": "stm32f103t8t6",
    "product_line": "STM32F103xB",
    "variant": "Generic_F103Tx"
  },
  "debug": {
    "jlink_device": "STM32F103T8",
    "openocd_target": "stm32f1x",
    "svd_path": "STM32F103xx.svd"
  },
  "frameworks": [
    "arduino",
    "cmsis",
    "libopencm3",
    "stm32cube"
  ],
  "name": "STM32F103T8 (20k RAM. 64k Flash)",
  "upload": {
    "disable_flushing": false,
    "maximum_ram_size": 20480,
    "maximum_size": 65536,
    "protocol": "stlink",
    "protocols": [
      "jlink",
      "cmsis-dap",
      "stlink",
      "blackmagic",
      "serial",
      "dfu"
    ],
    "require_upload_port": true,
    "use_1200bps_touch": false,
    "wait_for_upload_port": false
  },
  "url": "http://www.st.com/en/microcontrollers/stm32f103t8.html",
  "vendor": "Generic"
}
