{
  "build": {
    "core": "stm32",
    "cpu": "cortex-m4",
    "extra_flags": "-DSTM32F401xE -DSTM32F4xx -DARDUINO_GENERIC_F401RE",
    "f_cpu": "84000000L",
    "mcu": "stm32f401re",
    "product_line": "STM32F401xE",
    "variant": "Generic_F401Rx"
  },
  "debug": {
    "jlink_device": "STM32F401RE",
    "openocd_target": "stm32f4x",
    "svd_path": "STM32F401xE.svd"
  },
  "frameworks": [
    "arduino",
    "cmsis",
    "spl",
    "stm32cube",
    "libopencm3"
  ],
  "name": "STM32F401RE (96k RAM. 512k Flash)",
  "upload": {
    "maximum_ram_size": 98304,
    "maximum_size": 524288,
    "protocol": "serial",
    "protocols": [
      "blackmagic",
      "dfu",
      "jlink",
      "serial",
      "stlink"
    ]
  },
  "url": "https://www.st.com/en/microcontrollers-microprocessors/stm32f401re.html",
  "vendor": "Generic"
}
