{
  "build": {
    "core": "stm32",
    "cpu": "cortex-m4",
    "extra_flags": "-DSTM32F3 -DSTM32F303xC",
    "f_cpu": "72000000L",
    "mcu": "stm32f303cbt6",
    "product_line": "STM32F303xC"
  },
  "connectivity": [
    "can"
  ],
  "debug": {
    "jlink_device": "STM32F303CB",
    "openocd_target": "stm32f3x",
    "svd_path": "STM32F30x.svd"
  },
  "frameworks": [
    "cmsis",
    "stm32cube",
    "libopencm3"
  ],
  "name": "STM32F303CB (32k RAM. 128k Flash)",
  "upload": {
    "maximum_ram_size": 32768,
    "maximum_size": 131072,
    "protocol": "stlink",
    "protocols": [
      "jlink",
      "cmsis-dap",
      "stlink",
      "blackmagic"
    ]
  },
  "url": "https://www.st.com/en/microcontrollers/stm32f303cb.html",
  "vendor": "Generic"
}
