{
  "build": {
    "core": "stm32",
    "cpu": "cortex-m3",
    "extra_flags": "-DSTM32F103x6 -DSTM32F1",
    "f_cpu": "72000000L",
    "mcu": "stm32f103r4",
    "product_line": "STM32F103x6",
    "variant": "Generic_F103Rx"
  },
  "debug": {
    "jlink_device": "STM32F103R4",
    "openocd_target": "stm32f1x",
    "svd_path": "STM32F103xx.svd"
  },
  "frameworks": [
    "arduino",
    "cmsis",
    "stm32cube",
    "libopencm3"
  ],
  "name": "STM32F103R4 (6k RAM. 16k Flash)",
  "upload": {
    "maximum_ram_size": 6144,
    "maximum_size": 16384,
    "protocol": "serial",
    "protocols": [
      "blackmagic",
      "dfu",
      "jlink",
      "serial",
      "stlink"
    ]
  },
  "url": "https://www.st.com/en/microcontrollers-microprocessors/stm32f103r4.html",
  "vendor": "Generic"
}
