{
  "build": {
    "core": "stm32",
    "cpu": "cortex-m4",
    "extra_flags": "-DSTM32F410Rx -DSTM32F4xx",
    "f_cpu": "100000000L",
    "mcu": "stm32f410rb",
    "product_line": "STM32F410Rx",
    "variant": "Generic_F410Rx"
  },
  "debug": {
    "jlink_device": "STM32F410RB",
    "openocd_target": "stm32f4x",
    "svd_path": "STM32F410xx.svd"
  },
  "frameworks": [
    "arduino",
    "cmsis",
    "stm32cube",
    "libopencm3"
  ],
  "name": "STM32F410RB (32k RAM. 128k Flash)",
  "upload": {
    "maximum_ram_size": 32768,
    "maximum_size": 131072,
    "protocol": "serial",
    "protocols": [
      "blackmagic",
      "dfu",
      "jlink",
      "serial",
      "stlink"
    ]
  },
  "url": "https://www.st.com/en/microcontrollers-microprocessors/stm32f410rb.html",
  "vendor": "Generic"
}
