{
  "build": {
    "core": "stm32",
    "cpu": "cortex-m3",
    "extra_flags": "-DSTM32F103xE -DSTM32F1",
    "f_cpu": "72000000L",
    "mcu": "stm32f103rd",
    "product_line": "STM32F103xE",
    "variant": "Generic_F103Rx"
  },
  "debug": {
    "jlink_device": "STM32F103RD",
    "openocd_target": "stm32f1x",
    "svd_path": "STM32F103xx.svd"
  },
  "frameworks": [
    "arduino",
    "cmsis",
    "stm32cube",
    "libopencm3"
  ],
  "name": "STM32F103RD (64k RAM. 384k Flash)",
  "upload": {
    "maximum_ram_size": 65536,
    "maximum_size": 393216,
    "protocol": "serial",
    "protocols": [
      "blackmagic",
      "dfu",
      "jlink",
      "serial",
      "stlink"
    ]
  },
  "url": "https://www.st.com/en/microcontrollers-microprocessors/stm32f103rd.html",
  "vendor": "Generic"
}
