{
  "build": {
    "core": "maple",
    "cpu": "cortex-m3",
    "extra_flags": "-DSTM32F103xB",
    "f_cpu": "72000000L",
    "hwids": [
      [
        "0x1EAF",
        "0x0003"
      ],
      [
        "0x1EAF",
        "0x0004"
      ]
    ],
    "mcu": "stm32f103cbt6",
    "product_line": "STM32F103xB",
    "variant": "MAPLEMINI_F103CB"
  },
  "debug": {
    "jlink_device": "STM32F103CB",
    "openocd_target": "stm32f1x",
    "svd_path": "STM32F103xx.svd"
  },
  "frameworks": [
    "arduino",
    "cmsis",
    "libopencm3",
    "stm32cube"
  ],
  "name": "Maple Mini Bootloader 2.0",
  "upload": {
    "boot_version": 2,
    "maximum_ram_size": 20480,
    "maximum_size": 122880,
    "protocol": "dfu",
    "protocols": [
      "jlink",
      "cmsis-dap",
      "stlink",
      "blackmagic",
      "dfu"
    ],
    "require_upload_port": true
  },
  "url": "http://www.leaflabs.com/maple/",
  "vendor": "LeafLabs"
}
