{
  "build": {
    "core": "stm32",
    "cpu": "cortex-m3",
    "extra_flags": "-DSTM32F103xB",
    "f_cpu": "72000000L",
    "framework_extra_flags": {
      "arduino": "-DARDUINO_MAPLEMINI_F103CB"
    },
    "hwids": [
      [
        "0x1EAF",
        "0x0003"
      ],
      [
        "0x1EAF",
        "0x0004"
      ]
    ],
    "mcu": "stm32f103cbt6",
    "product_line": "STM32F103xB",
    "variant": "MAPLEMINI_F103CB"
  },
  "debug": {
    "jlink_device": "STM32F103CB",
    "openocd_target": "stm32f1x",
    "svd_path": "STM32F103xx.svd"
  },
  "frameworks": [
    "arduino",
    "cmsis",
    "libopencm3",
    "stm32cube"
  ],
  "name": "Maple Mini Original",
  "upload": {
    "boot_version": 1,
    "maximum_ram_size": 17408,
    "maximum_size": 110592,
    "protocol": "dfu",
    "protocols": [
      "jlink",
      "cmsis-dap",
      "stlink",
      "blackmagic",
      "dfu",
      "serial"
    ],
    "require_upload_port": true
  },
  "url": "http://www.leaflabs.com/maple/",
  "vendor": "LeafLabs"
}
