{
  "build": {
    "cpu": "cortex-m3",
    "extra_flags": "-DSTM32L152xC",
    "f_cpu": "32000000L",
    "mcu": "stm32l152rc",
    "product_line": "STM32L152xC"
  },
  "debug": {
    "jlink_device": "STM32L152RC",
    "openocd_board": "st_nucleo_l1",
    "openocd_target": "stm32l1",
    "svd_path": "STM32L1xx.svd"
  },
  "frameworks": [
    "mbed",
    "cmsis",
    "stm32cube",
    "libopencm3"
  ],
  "name": "NAMote72",
  "upload": {
    "maximum_ram_size": 32768,
    "maximum_size": 262144,
    "protocol": "mbed",
    "protocols": [
      "jlink",
      "cmsis-dap",
      "stlink",
      "blackmagic",
      "mbed"
    ]
  },
  "url": "https://developer.mbed.org/platforms/NAMote-72/",
  "vendor": "Semtech"
}
