{
  "build": {
    "cpu": "cortex-m4",
    "f_cpu": "100000000L",
    "mcu": "stm32f411ret6",
    "product_line": "STM32F411xE"
  },
  "debug": {
    "jlink_device": "STM32F411RE",
    "openocd_target": "stm32f4x",
    "svd_path": "STM32F411xx.svd"
  },
  "frameworks": [
    "mbed",
    "stm32cube",
    "libopencm3"
  ],
  "name": "MultiTech mDot",
  "upload": {
    "maximum_ram_size": 131072,
    "maximum_size": 524288,
    "protocol": "mbed",
    "protocols": [
      "jlink",
      "cmsis-dap",
      "stlink",
      "blackmagic",
      "mbed"
    ]
  },
  "url": "https://developer.mbed.org/platforms/MTS-mDot-F411/",
  "vendor": "MultiTech"
}
