{
  "build": {
    "cpu": "cortex-m0plus",
    "extra_flags": "-DSTM32L053xx",
    "f_cpu": "32000000L",
    "framework_extra_flags": {
      "arduino": "-D__CORTEX_SC=0"
    },
    "mcu": "stm32l053r8t6",
    "product_line": "STM32L053xx",
    "variant": "NUCLEO_L053R8"
  },
  "debug": {
    "default_tools": [
      "stlink"
    ],
    "jlink_device": "STM32L053R8",
    "onboard_tools": [
      "stlink"
    ],
    "openocd_target": "stm32l0",
    "svd_path": "STM32L053x.svd"
  },
  "frameworks": [
    "arduino",
    "cmsis",
    "mbed",
    "stm32cube",
    "libopencm3",
    "zephyr"
  ],
  "name": "ST Nucleo L053R8",
  "upload": {
    "maximum_ram_size": 8192,
    "maximum_size": 65536,
    "protocol": "stlink",
    "protocols": [
      "jlink",
      "cmsis-dap",
      "stlink",
      "blackmagic",
      "mbed"
    ]
  },
  "url": "https://developer.mbed.org/platforms/ST-Nucleo-L053R8/",
  "vendor": "ST"
}
