{
  "build": {
    "cpu": "cortex-m4",
    "extra_flags": "-DSTM32L412xx",
    "f_cpu": "80000000L",
    "mcu": "stm32l412kbu6",
    "product_line": "STM32L412xx",
    "variant": "NUCLEO_L412KB"
  },
  "debug": {
    "default_tools": [
      "stlink"
    ],
    "jlink_device": "STM32L412KB",
    "onboard_tools": [
      "stlink"
    ],
    "openocd_board": "st_nucleo_l4",
    "openocd_target": "stm32l4x",
    "svd_path": "STM32L4x2.svd"
  },
  "frameworks": [
    "arduino",
    "cmsis",
    "stm32cube"
  ],
  "name": "ST Nucleo L412KB",
  "upload": {
    "maximum_ram_size": 40960,
    "maximum_size": 131072,
    "protocol": "stlink",
    "protocols": [
      "jlink",
      "cmsis-dap",
      "stlink",
      "blackmagic"
    ]
  },
  "url": "https://www.st.com/en/evaluation-tools/nucleo-l412kb.html",
  "vendor": "ST"
}
