{
  "build": {
    "cpu": "cortex-m4",
    "extra_flags": "-DSTM32F429xx",
    "f_cpu": "180000000L",
    "mcu": "stm32f429zit6",
    "product_line": "STM32F429xx",
    "variant": "NUCLEO_F429ZI"
  },
  "connectivity": [
    "can",
    "ethernet"
  ],
  "debug": {
    "default_tools": [
      "stlink"
    ],
    "jlink_device": "STM32F429ZI",
    "onboard_tools": [
      "stlink"
    ],
    "openocd_board": "st_nucleo_f4",
    "openocd_target": "stm32f4x",
    "svd_path": "STM32F429x.svd"
  },
  "frameworks": [
    "arduino",
    "cmsis",
    "mbed",
    "stm32cube",
    "libopencm3",
    "zephyr"
  ],
  "name": "ST Nucleo F429ZI",
  "upload": {
    "maximum_ram_size": 262144,
    "maximum_size": 2097152,
    "protocol": "stlink",
    "protocols": [
      "jlink",
      "cmsis-dap",
      "stlink",
      "blackmagic",
      "mbed"
    ]
  },
  "url": "https://developer.mbed.org/platforms/ST-Nucleo-F429ZI/",
  "vendor": "ST"
}
