{
  "build": {
    "cpu": "cortex-m4",
    "extra_flags": "-DSTM32L4R5xx",
    "f_cpu": "120000000L",
    "mcu": "stm32l4r5zit6",
    "product_line": "STM32L4R5xx",
    "variant": "NUCLEO_L4R5ZI"
  },
  "connectivity": [
    "can"
  ],
  "debug": {
    "default_tools": [
      "stlink"
    ],
    "jlink_device": "STM32L4R5ZI",
    "onboard_tools": [
      "stlink"
    ],
    "openocd_board": "st_nucleo_l4",
    "openocd_target": "stm32l4x",
    "svd_path": "STM32L4x5.svd"
  },
  "frameworks": [
    "arduino",
    "cmsis",
    "mbed",
    "stm32cube",
    "zephyr"
  ],
  "name": "ST Nucleo L4R5ZI",
  "upload": {
    "maximum_ram_size": 655360,
    "maximum_size": 2097152,
    "protocol": "stlink",
    "protocols": [
      "jlink",
      "cmsis-dap",
      "stlink",
      "blackmagic",
      "mbed"
    ]
  },
  "url": "https://www.st.com/en/evaluation-tools/nucleo-l4r5zi.html",
  "vendor": "ST"
}
