{
  "build": {
    "core": "stm32",
    "cpu": "cortex-m3",
    "extra_flags": "-DSTM32F207xx",
    "f_cpu": "120000000L",
    "mcu": "stm32f207zgt6",
    "product_line": "STM32F207xx",
    "variant": "NUCLEO_F207ZG"
  },
  "connectivity": [
    "can",
    "ethernet"
  ],
  "debug": {
    "default_tools": [
      "stlink"
    ],
    "jlink_device": "STM32F207ZG",
    "onboard_tools": [
      "stlink"
    ],
    "openocd_target": "stm32f2x",
    "svd_path": "STM32F20x.svd"
  },
  "frameworks": [
    "arduino",
    "cmsis",
    "mbed",
    "stm32cube",
    "libopencm3",
    "zephyr"
  ],
  "name": "ST Nucleo F207ZG",
  "upload": {
    "maximum_ram_size": 131072,
    "maximum_size": 1048576,
    "protocol": "stlink",
    "protocols": [
      "jlink",
      "cmsis-dap",
      "stlink",
      "blackmagic",
      "mbed"
    ]
  },
  "url": "https://developer.mbed.org/platforms/ST-Nucleo-F207ZG/",
  "vendor": "ST"
}
