{
  "build": {
    "cpu": "cortex-m0plus",
    "extra_flags": "-DSTM32L073xx",
    "f_cpu": "32000000L",
    "framework_extra_flags": {
      "arduino": "-D__CORTEX_SC=0"
    },
    "mcu": "stm32l073rz",
    "product_line": "STM32L073xx",
    "variant": "NUCLEO_L073RZ"
  },
  "debug": {
    "default_tools": [
      "stlink"
    ],
    "jlink_device": "STM32L073RZ",
    "onboard_tools": [
      "stlink"
    ],
    "openocd_board": "st_nucleo_l073rz",
    "openocd_target": "stm32l0",
    "svd_path": "STM32L07x.svd"
  },
  "frameworks": [
    "arduino",
    "cmsis",
    "mbed",
    "stm32cube",
    "libopencm3",
    "zephyr"
  ],
  "name": "ST Nucleo L073RZ",
  "upload": {
    "maximum_ram_size": 20480,
    "maximum_size": 196608,
    "protocol": "stlink",
    "protocols": [
      "jlink",
      "cmsis-dap",
      "stlink",
      "blackmagic",
      "mbed"
    ]
  },
  "url": "https://developer.mbed.org/platforms/ST-Nucleo-L073RZ/",
  "vendor": "ST"
}
