{
  "build": {
    "cpu": "cortex-m4",
    "extra_flags": "-DSTM32F303xE",
    "f_cpu": "72000000L",
    "mcu": "stm32f303zet6",
    "product_line": "STM32F303xE"
  },
  "debug": {
    "default_tools": [
      "stlink"
    ],
    "jlink_device": "STM32F303ZE",
    "onboard_tools": [
      "stlink"
    ],
    "openocd_board": "st_nucleo_f3",
    "openocd_target": "stm32f3x",
    "svd_path": "STM32F303xE.svd"
  },
  "frameworks": [
    "cmsis",
    "mbed",
    "stm32cube",
    "libopencm3"
  ],
  "name": "ST Nucleo F303ZE",
  "upload": {
    "maximum_ram_size": 65536,
    "maximum_size": 524288,
    "protocol": "stlink",
    "protocols": [
      "jlink",
      "cmsis-dap",
      "stlink",
      "blackmagic",
      "mbed"
    ]
  },
  "url": "https://developer.mbed.org/platforms/ST-Nucleo-F303ZE/",
  "vendor": "ST"
}
