{
  "build": {
    "core": "stm32",
    "cpu": "cortex-m7",
    "extra_flags": "-DSTM32H7xx -DSTM32H743xx",
    "f_cpu": "400000000L",
    "mcu": "stm32h743zit6",
    "product_line": "STM32H743xx",
    "variant": "NUCLEO_H743ZI"
  },
  "connectivity": [
    "can",
    "ethernet"
  ],
  "debug": {
    "default_tools": [
      "stlink"
    ],
    "jlink_device": "STM32H743ZI",
    "onboard_tools": [
      "stlink"
    ],
    "openocd_board": "st_nucleo_h743zi",
    "openocd_target": "stm32h7x",
    "svd_path": "STM32H7x3.svd"
  },
  "frameworks": [
    "arduino",
    "cmsis",
    "stm32cube",
    "mbed",
    "zephyr"
  ],
  "name": "ST Nucleo H743ZI",
  "upload": {
    "maximum_ram_size": 524288,
    "maximum_size": 2097152,
    "protocol": "stlink",
    "protocols": [
      "jlink",
      "cmsis-dap",
      "stlink",
      "blackmagic",
      "mbed"
    ]
  },
  "url": "https://www.st.com/en/evaluation-tools/nucleo-h743zi.html",
  "vendor": "ST"
}
