{
  "build": {
    "cpu": "cortex-m7",
    "extra_flags": "-DSTM32F767xx",
    "f_cpu": "216000000L",
    "mcu": "stm32f767zit6",
    "product_line": "STM32F767xx",
    "variant": "NUCLEO_F767ZI"
  },
  "connectivity": [
    "can",
    "ethernet"
  ],
  "debug": {
    "default_tools": [
      "stlink"
    ],
    "jlink_device": "STM32F767ZI",
    "onboard_tools": [
      "stlink"
    ],
    "openocd_board": "st_nucleo_f7",
    "openocd_target": "stm32f7x",
    "svd_path": "STM32F7x7.svd"
  },
  "frameworks": [
    "arduino",
    "cmsis",
    "mbed",
    "stm32cube",
    "libopencm3",
    "zephyr"
  ],
  "name": "ST Nucleo F767ZI",
  "upload": {
    "maximum_ram_size": 524288,
    "maximum_size": 2097152,
    "protocol": "stlink",
    "protocols": [
      "jlink",
      "cmsis-dap",
      "stlink",
      "blackmagic",
      "mbed"
    ]
  },
  "url": "https://developer.mbed.org/platforms/ST-Nucleo-F767ZI/",
  "vendor": "ST"
}
