{
  "build": {
    "core": "stm32",
    "cpu": "cortex-m0",
    "extra_flags": "-DSTM32F031x6",
    "f_cpu": "48000000L",
    "mcu": "stm32f031k6t6",
    "product_line": "STM32F031x6",
    "variant": "NUCLEO_F031K6"
  },
  "debug": {
    "default_tools": [
      "stlink"
    ],
    "jlink_device": "STM32F031K6",
    "onboard_tools": [
      "stlink"
    ],
    "openocd_board": "st_nucleo_f0",
    "openocd_target": "stm32f0x",
    "svd_path": "STM32F031x.svd"
  },
  "frameworks": [
    "arduino",
    "cmsis",
    "mbed",
    "stm32cube",
    "libopencm3"
  ],
  "name": "ST Nucleo F031K6",
  "upload": {
    "maximum_ram_size": 4096,
    "maximum_size": 32768,
    "protocol": "stlink",
    "protocols": [
      "jlink",
      "cmsis-dap",
      "stlink",
      "blackmagic",
      "mbed"
    ]
  },
  "url": "https://developer.mbed.org/platforms/ST-Nucleo-F031K6/",
  "vendor": "ST"
}
