{
  "build": {
    "cpu": "cortex-m0",
    "extra_flags": "-DSTM32F091xC",
    "f_cpu": "48000000L",
    "mcu": "stm32f091rct6",
    "product_line": "STM32F091xC",
    "variant": "NUCLEO_F091RC"
  },
  "connectivity": [
    "can"
  ],
  "debug": {
    "default_tools": [
      "stlink"
    ],
    "jlink_device": "STM32F091RC",
    "onboard_tools": [
      "stlink"
    ],
    "openocd_board": "st_nucleo_f0",
    "openocd_target": "stm32f0x",
    "svd_path": "STM32F091x.svd"
  },
  "frameworks": [
    "arduino",
    "cmsis",
    "mbed",
    "stm32cube",
    "libopencm3",
    "zephyr"
  ],
  "name": "ST Nucleo F091RC",
  "upload": {
    "maximum_ram_size": 32768,
    "maximum_size": 262144,
    "protocol": "stlink",
    "protocols": [
      "jlink",
      "cmsis-dap",
      "stlink",
      "blackmagic",
      "mbed"
    ]
  },
  "url": "https://developer.mbed.org/platforms/ST-Nucleo-F091RC/",
  "vendor": "ST"
}
