{
  "build": {
    "core": "stm32",
    "cpu": "cortex-m4",
    "extra_flags": "-DSTM32G4xx -DSTM32G431xx",
    "f_cpu": "170000000L",
    "mcu": "stm32g431rbt6",
    "product_line": "STM32G431xx",
    "variant": "NUCLEO_G431RB"
  },
  "connectivity": [
    "can"
  ],
  "debug": {
    "jlink_device": "STM32G431RB",
    "openocd_target": "stm32g4x",
    "svd_path": "STM32G431xx.svd"
  },
  "frameworks": [
    "arduino",
    "cmsis",
    "libopencm3",
    "stm32cube",
    "zephyr"
  ],
  "name": "Nucleo G431RB",
  "upload": {
    "maximum_ram_size": 32768,
    "maximum_size": 131072,
    "protocol": "mbed",
    "protocols": [
      "jlink",
      "cmsis-dap",
      "blackmagic",
      "mbed"
    ]
  },
  "url": "https://www.st.com/en/evaluation-tools/nucleo-g431rb.html",
  "vendor": "ST"
}
