{
  "build": {
    "core": "stm32",
    "cpu": "cortex-m7",
    "extra_flags": "-DSTM32F746xx",
    "f_cpu": "216000000L",
    "mcu": "stm32f746zgt6",
    "product_line": "STM32F746xx",
    "variant": "NUCLEO_F7x6ZG"
  },
  "connectivity": [
    "can",
    "ethernet"
  ],
  "debug": {
    "default_tools": [
      "stlink"
    ],
    "jlink_device": "STM32F746ZG",
    "onboard_tools": [
      "stlink"
    ],
    "openocd_board": "st_nucleo_f7",
    "openocd_target": "stm32f7x",
    "svd_path": "STM32F7x6.svd"
  },
  "frameworks": [
    "arduino",
    "cmsis",
    "mbed",
    "stm32cube",
    "libopencm3",
    "zephyr"
  ],
  "name": "ST Nucleo F746ZG",
  "upload": {
    "maximum_ram_size": 327680,
    "maximum_size": 1048576,
    "protocol": "stlink",
    "protocols": [
      "jlink",
      "cmsis-dap",
      "stlink",
      "blackmagic",
      "mbed"
    ]
  },
  "url": "https://developer.mbed.org/platforms/ST-Nucleo-F446ZE/",
  "vendor": "ST"
}
