{
  "build": {
    "cpu": "cortex-m4",
    "extra_flags": "-DSTM32F302x8",
    "f_cpu": "72000000L",
    "mcu": "stm32f302r8t6",
    "product_line": "STM32F302x8",
    "variant": "NUCLEO_F302R8"
  },
  "connectivity": [
    "can"
  ],
  "debug": {
    "default_tools": [
      "stlink"
    ],
    "jlink_device": "STM32F302R8",
    "onboard_tools": [
      "stlink"
    ],
    "openocd_board": "st_nucleo_f3",
    "openocd_target": "stm32f3x",
    "svd_path": "STM32F302x.svd"
  },
  "frameworks": [
    "arduino",
    "cmsis",
    "mbed",
    "stm32cube",
    "libopencm3",
    "zephyr"
  ],
  "name": "ST Nucleo F302R8",
  "upload": {
    "maximum_ram_size": 16384,
    "maximum_size": 65536,
    "protocol": "stlink",
    "protocols": [
      "jlink",
      "cmsis-dap",
      "stlink",
      "blackmagic",
      "mbed"
    ]
  },
  "url": "https://developer.mbed.org/platforms/ST-Nucleo-F302R8/",
  "vendor": "ST"
}
