{
  "build": {
    "cpu": "cortex-m7",
    "extra_flags": "-DSTM32F722xx",
    "f_cpu": "216000000L",
    "mcu": "stm32f722zet6",
    "product_line": "STM32F722xx"
  },
  "connectivity": [
    "can"
  ],
  "debug": {
    "default_tools": [
      "stlink"
    ],
    "jlink_device": "STM32F722ZE",
    "onboard_tools": [
      "stlink"
    ],
    "openocd_board": "st_nucleo_f7",
    "openocd_target": "stm32f7x",
    "svd_path": "STM32F7x2.svd"
  },
  "frameworks": [
    "cmsis",
    "stm32cube",
    "libopencm3"
  ],
  "name": "ST Nucleo F722ZE",
  "upload": {
    "maximum_ram_size": 262144,
    "maximum_size": 524288,
    "protocol": "stlink",
    "protocols": [
      "jlink",
      "cmsis-dap",
      "stlink",
      "blackmagic",
      "mbed"
    ]
  },
  "url": "https://www.st.com/en/evaluation-tools/nucleo-f722ze.html",
  "vendor": "ST"
}
