{
  "build": {
    "core": "stm32",
    "cpu": "cortex-m3",
    "extra_flags": "-DSTM32F103xB",
    "f_cpu": "72000000L",
    "mcu": "stm32f103rbt6",
    "product_line": "STM32F103xB",
    "variant": "NUCLEO_F103RB"
  },
  "debug": {
    "default_tools": [
      "stlink"
    ],
    "jlink_device": "STM32F103RB",
    "onboard_tools": [
      "stlink"
    ],
    "openocd_board": "st_nucleo_f103rb",
    "openocd_target": "stm32f1x",
    "svd_path": "STM32F103xx.svd"
  },
  "frameworks": [
    "arduino",
    "cmsis",
    "mbed",
    "libopencm3",
    "stm32cube",
    "zephyr"
  ],
  "name": "ST Nucleo F103RB",
  "upload": {
    "maximum_ram_size": 20480,
    "maximum_size": 131072,
    "protocol": "stlink",
    "protocols": [
      "jlink",
      "cmsis-dap",
      "stlink",
      "blackmagic",
      "mbed"
    ]
  },
  "url": "https://developer.mbed.org/platforms/ST-Nucleo-F103RB/",
  "vendor": "ST"
}
