{
  "build": {
    "core": "stm32",
    "cpu": "cortex-m0",
    "extra_flags": "-DSTM32F072xB",
    "f_cpu": "48000000L",
    "mcu": "stm32f072rbt6",
    "product_line": "STM32F072xB",
    "variant": "NUCLEO_F072RB"
  },
  "connectivity": [
    "can"
  ],
  "debug": {
    "default_tools": [
      "stlink"
    ],
    "jlink_device": "STM32F072RB",
    "onboard_tools": [
      "stlink"
    ],
    "openocd_board": "st_nucleo_f0",
    "openocd_target": "stm32f0x",
    "svd_path": "STM32F072x.svd"
  },
  "frameworks": [
    "arduino",
    "cmsis",
    "mbed",
    "stm32cube",
    "libopencm3"
  ],
  "name": "ST Nucleo F072RB",
  "upload": {
    "maximum_ram_size": 16384,
    "maximum_size": 131072,
    "protocol": "stlink",
    "protocols": [
      "jlink",
      "cmsis-dap",
      "stlink",
      "blackmagic",
      "mbed"
    ]
  },
  "url": "https://developer.mbed.org/platforms/ST-Nucleo-F072RB/",
  "vendor": "ST"
}
