{
  "build": {
    "cpu": "cortex-m4",
    "extra_flags": "-DSTM32F410Rx",
    "f_cpu": "100000000L",
    "mcu": "stm32f410rbt6",
    "product_line": "STM32F410Rx"
  },
  "debug": {
    "default_tools": [
      "stlink"
    ],
    "jlink_device": "STM32F410RB",
    "onboard_tools": [
      "stlink"
    ],
    "openocd_board": "st_nucleo_f4",
    "openocd_target": "stm32f4x",
    "svd_path": "STM32F41x.svd"
  },
  "frameworks": [
    "cmsis",
    "mbed",
    "stm32cube",
    "libopencm3"
  ],
  "name": "ST Nucleo F410RB",
  "upload": {
    "maximum_ram_size": 32768,
    "maximum_size": 131072,
    "protocol": "stlink",
    "protocols": [
      "jlink",
      "cmsis-dap",
      "stlink",
      "blackmagic",
      "mbed"
    ]
  },
  "url": "https://developer.mbed.org/platforms/ST-Nucleo-F410RB/",
  "vendor": "ST"
}
