{
  "build": {
    "cpu": "cortex-m0plus",
    "extra_flags": "-DSTM32L011xx",
    "f_cpu": "32000000L",
    "mcu": "stm32l011k4t6",
    "product_line": "STM32L011xx"
  },
  "debug": {
    "default_tools": [
      "stlink"
    ],
    "jlink_device": "STM32L011K4",
    "onboard_tools": [
      "stlink"
    ],
    "openocd_target": "stm32l0",
    "svd_path": "STM32L0x1.svd"
  },
  "frameworks": [
    "cmsis",
    "stm32cube",
    "libopencm3"
  ],
  "name": "ST Nucleo L011K4",
  "upload": {
    "maximum_ram_size": 2048,
    "maximum_size": 16384,
    "protocol": "stlink",
    "protocols": [
      "jlink",
      "cmsis-dap",
      "stlink",
      "blackmagic"
    ]
  },
  "url": "https://www.st.com/en/evaluation-tools/nucleo-l011k4.html",
  "vendor": "ST"
}
