{
  "build": {
    "cpu": "cortex-m0plus",
    "extra_flags": "-DSTM32L072xx",
    "f_cpu": "32000000L",
    "framework_extra_flags": {
      "arduino": "-D__CORTEX_SC=0"
    },
    "mcu": "stm32l072rb",
    "product_line": "STM32L072xx",
    "variant": "PX_HER0"
  },
  "debug": {
    "jlink_device": "STM32L072RB",
    "openocd_target": "stm32l0",
    "svd_path": "STM32L07x.svd"
  },
  "frameworks": [
    "arduino",
    "cmsis",
    "stm32cube",
    "libopencm3"
  ],
  "name": "Piconomix PX-HER0",
  "upload": {
    "maximum_ram_size": 20480,
    "maximum_size": 131072,
    "protocol": "stlink",
    "protocols": [
      "dfu",
      "serial",
      "jlink",
      "stlink",
      "blackmagic"
    ]
  },
  "url": "https://piconomix.com/fwlib/_p_i_c_o_n_o_m_i_x__s_t_m32__h_e_r_o__b_o_a_r_d.html",
  "vendor": "Piconomix"
}
