{
  "build": {
    "cpu": "cortex-m4",
    "extra_flags": "-DSTM32F411xE",
    "f_cpu": "100000000L",
    "mcu": "stm32f411ret6",
    "product_line": "STM32F411xE"
  },
  "debug": {
    "default_tools": [
      "cmsis-dap"
    ],
    "jlink_device": "STM32F411RE",
    "onboard_tools": [
      "cmsis-dap"
    ],
    "openocd_target": "stm32f4x",
    "svd_path": "STM32F411xx.svd"
  },
  "frameworks": [
    "cmsis",
    "mbed",
    "stm32cube",
    "libopencm3"
  ],
  "name": "sakura.io Evaluation Board",
  "upload": {
    "maximum_ram_size": 131072,
    "maximum_size": 1048576,
    "protocol": "mbed",
    "protocols": [
      "jlink",
      "cmsis-dap",
      "stlink",
      "mbed",
      "blackmagic"
    ]
  },
  "url": "https://os.mbed.com/platforms/SAKURAIO_EVB_01/",
  "vendor": "sakura.io"
}
