{
  "build": {
    "cpu": "cortex-m4",
    "extra_flags": "-DSTM32F407xx",
    "f_cpu": "168000000L",
    "mcu": "stm32f407vet6",
    "product_line": "STM32F407xx"
  },
  "connectivity": [
    "ethernet"
  ],
  "debug": {
    "default_tools": [
      "stlink"
    ],
    "jlink_device": "STM32F407VE",
    "onboard_tools": [
      "stlink"
    ],
    "openocd_board": "st_nucleo_f4",
    "openocd_target": "stm32f4x",
    "svd_path": "STM32F40x.svd"
  },
  "frameworks": [
    "cmsis",
    "mbed",
    "stm32cube",
    "libopencm3"
  ],
  "name": "Seeed Arch Max",
  "upload": {
    "maximum_ram_size": 196608,
    "maximum_size": 524288,
    "protocol": "mbed",
    "protocols": [
      "jlink",
      "cmsis-dap",
      "stlink",
      "blackmagic",
      "mbed"
    ]
  },
  "url": "https://developer.mbed.org/platforms/Seeed-Arch-Max/",
  "vendor": "SeeedStudio"
}
