{
  "build": {
    "cpu": "cortex-m4",
    "extra_flags": "-DSTM32L476xx",
    "f_cpu": "80000000L",
    "mcu": "stm32l476jg",
    "product_line": "STM32L476xx"
  },
  "connectivity": [
    "can",
    "6LoWPAN"
  ],
  "debug": {
    "default_tools": [
      "stlink"
    ],
    "jlink_device": "STM32L476JG",
    "onboard_tools": [
      "stlink"
    ],
    "openocd_board": "st_nucleo_l4",
    "openocd_target": "stm32l4x",
    "svd_path": "STM32L4x6.svd"
  },
  "frameworks": [
    "cmsis",
    "mbed",
    "stm32cube",
    "libopencm3"
  ],
  "name": "ST Sensor Node",
  "upload": {
    "maximum_ram_size": 131072,
    "maximum_size": 1048576,
    "protocol": "mbed",
    "protocols": [
      "jlink",
      "cmsis-dap",
      "stlink",
      "blackmagic",
      "mbed"
    ]
  },
  "url": "https://www.avnet.com/shop/emea/products/avnet-engineering-services/silicastmsensornodeplus-3074457345633959668/",
  "vendor": "Avnet Silica"
}
