{
  "build": {
    "core": "stm32",
    "cpu": "cortex-m4",
    "extra_flags": "-DSTM32F3 -DSTM32F303xC -DBLACKPILL_F303CC",
    "f_cpu": "72000000L",
    "mcu": "stm32f303cct6",
    "product_line": "STM32F303xC",
    "variant": "SPARKY_F303CC"
  },
  "connectivity": [
    "can"
  ],
  "debug": {
    "jlink_device": "STM32F303CC",
    "openocd_target": "stm32f3x",
    "svd_path": "STM32F30x.svd"
  },
  "frameworks": [
    "arduino",
    "cmsis",
    "stm32cube",
    "libopencm3"
  ],
  "name": "Sparky V1 F303",
  "upload": {
    "maximum_ram_size": 40960,
    "maximum_size": 262144,
    "protocol": "stlink",
    "protocols": [
      "jlink",
      "cmsis-dap",
      "stlink",
      "blackmagic"
    ]
  },
  "url": "https://github.com/TauLabs/TauLabs/wiki/Sparky",
  "vendor": "TauLabs"
}
