{
  "build": {
    "cpu": "cortex-m4",
    "extra_flags": "-DSTM32F4xx -DSTM32F401xC",
    "f_cpu": "84000000L",
    "mcu": "stm32f401ccu6",
    "product_line": "STM32F401xC"
  },
  "debug": {
    "jlink_device": "STM32F401CC",
    "openocd_target": "stm32f4x",
    "svd_path": "STM32F40x.svd"
  },
  "frameworks": [
    "cmsis",
    "stm32cube",
    "libopencm3",
    "zephyr"
  ],
  "name": "STEVAL-FCU001V1 Flight controller unit evaluation board",
  "upload": {
    "maximum_ram_size": 65536,
    "maximum_size": 262144,
    "protocol": "stlink",
    "protocols": [
      "jlink",
      "cmsis-dap",
      "stlink",
      "blackmagic"
    ]
  },
  "url": "https://www.st.com/en/evaluation-tools/steval-fcu001v1.html",
  "vendor": "ST"
}
