{
  "build": {
    "core": "stm32",
    "cpu": "cortex-m4",
    "extra_flags": "-DSTM32F405xx",
    "f_cpu": "168000000L",
    "hwids": [
      [
        "0x0483",
        "0xDF11"
      ]
    ],
    "mcu": "stm32f405rgt6",
    "product_line": "STM32F405xx",
    "variant": "Generic_F4x5RG"
  },
  "debug": {
    "default_tools": [
      "stlink"
    ],
    "jlink_device": "STM32F405RG",
    "openocd_extra_args": [
      "-c",
      "reset_config none"
    ],
    "openocd_target": "stm32f4x",
    "svd_path": "STM32F40x.svd"
  },
  "frameworks": [
    "arduino",
    "cmsis",
    "stm32cube",
    "libopencm3"
  ],
  "name": "STM32F4Stamp F405",
  "upload": {
    "disable_flushing": false,
    "maximum_ram_size": 196608,
    "maximum_size": 1048576,
    "protocol": "dfu",
    "protocols": [
      "stlink",
      "dfu",
      "jlink"
    ],
    "require_upload_port": true,
    "use_1200bps_touch": false,
    "wait_for_upload_port": false
  },
  "url": "https://eleccelerator.com/stm32f4stamp-breakout-board/",
  "vendor": "Generic"
}
