{
  "build": {
    "core": "stm32",
    "cpu": "cortex-m4",
    "extra_flags": "-DSTM32F4xx -DSTM32F411xE",
    "f_cpu": "100000000L",
    "mcu": "stm32f411ceu6",
    "product_line": "STM32F411xE",
    "variant": "THUNDERPACK"
  },
  "connectivity": [
    "can"
  ],
  "debug": {
    "jlink_device": "STM32F411CE",
    "openocd_target": "stm32f4x",
    "svd_path": "STM32F411xx.svd"
  },
  "frameworks": [
    "arduino",
    "cmsis",
    "stm32cube",
    "libopencm3"
  ],
  "name": "ThunderPack v1.1+",
  "upload": {
    "maximum_ram_size": 131072,
    "maximum_size": 524288,
    "protocol": "stlink",
    "protocols": [
      "jlink",
      "cmsis-dap",
      "stlink",
      "blackmagic",
      "serial",
      "dfu"
    ]
  },
  "url": "https://github.com/jgillick/ThunderPack/tree/STM32F4",
  "vendor": "ThunderPack"
}
