{
  "build": {
    "cpu": "cortex-m0plus",
    "extra_flags": "-DSTM32L072xx -DARDUINO_THUNDERPACK_L072",
    "f_cpu": "32000000L",
    "framework_extra_flags": {
      "arduino": "-D__CORTEX_SC=0"
    },
    "mcu": "stm32l072kz",
    "product_line": "STM32L072xx",
    "variant": "THUNDERPACK"
  },
  "debug": {
    "jlink_device": "STM32L072KZ",
    "openocd_target": "stm32l0",
    "svd_path": "STM32L07x.svd"
  },
  "frameworks": [
    "arduino",
    "cmsis",
    "stm32cube",
    "libopencm3"
  ],
  "name": "ThunderPack v1.0",
  "upload": {
    "maximum_ram_size": 20480,
    "maximum_size": 196608,
    "protocol": "stlink",
    "protocols": [
      "dfu",
      "serial",
      "jlink",
      "stlink",
      "blackmagic"
    ]
  },
  "url": "https://github.com/jgillick/ThunderPack",
  "vendor": "ThunderPack"
}
