{
  "build": {
    "cpu": "cortex-m4",
    "f_cpu": "180000000L",
    "mcu": "stm32f437vg"
  },
  "connectivity": [
    "gps",
    "ethernet",
    "cellular"
  ],
  "debug": {
    "jlink_device": "STM32F437VG",
    "openocd_target": "stm32f4x",
    "svd_path": "STM32F437x.svd"
  },
  "frameworks": [
    "mbed",
    "stm32cube"
  ],
  "name": "u-blox C030-N211 IoT Starter Kit",
  "upload": {
    "maximum_ram_size": 262144,
    "maximum_size": 1048576,
    "protocol": "mbed",
    "protocols": [
      "jlink",
      "cmsis-dap",
      "stlink",
      "blackmagic",
      "mbed"
    ]
  },
  "url": "https://os.mbed.com/platforms/ublox-C030-N211/",
  "vendor": "u-blox"
}
