{
  "build": {
    "cpu": "cortex-m4",
    "extra_flags": "-DSTM32F437xx",
    "f_cpu": "180000000L",
    "mcu": "stm32f437vg"
  },
  "connectivity": [
    "can",
    "ethernet"
  ],
  "debug": {
    "default_tools": [
      "stlink"
    ],
    "jlink_device": "STM32F437VG",
    "onboard_tools": [
      "stlink"
    ],
    "openocd_board": "st_nucleo_f4",
    "openocd_target": "stm32f4x",
    "svd_path": "STM32F437x.svd"
  },
  "frameworks": [
    "mbed",
    "stm32cube"
  ],
  "name": "u-blox C030-R410M IoT",
  "upload": {
    "maximum_ram_size": 262144,
    "maximum_size": 1048576,
    "protocol": "stlink",
    "protocols": [
      "stlink",
      "jlink",
      "blackmagic"
    ]
  },
  "url": "https://os.mbed.com/platforms/ublox-C030-R410M/",
  "vendor": "u-blox"
}
