{
  "build": {
    "core": "stm32",
    "cpu": "cortex-m3",
    "extra_flags": "-DSTM32F103xE -DSTM32F1",
    "f_cpu": "72000000L",
    "mcu": "stm32f103zet6",
    "product_line": "STM32F103xE",
    "variant": "Generic_F103Zx"
  },
  "debug": {
    "jlink_device": "STM32F103ZE",
    "openocd_target": "stm32f1x",
    "svd_path": "STM32F103xx.svd"
  },
  "frameworks": [
    "arduino",
    "cmsis",
    "stm32cube",
    "libopencm3"
  ],
  "name": "VCCGND F103ZET6 Mini",
  "upload": {
    "maximum_ram_size": 65536,
    "maximum_size": 524288,
    "protocol": "stlink",
    "protocols": [
      "jlink",
      "cmsis-dap",
      "stlink",
      "blackmagic",
      "serial",
      "dfu"
    ]
  },
  "url": "https://stm32-base.org/boards/STM32F103ZET6-VCC-GND-XLarge",
  "vendor": "VCCGND"
}
