{
  "build": {
    "cpu": "cortex-m4",
    "extra_flags": "-DSTM32F439xx",
    "f_cpu": "180000000L",
    "mcu": "stm32f439vi",
    "product_line": "STM32F439xx"
  },
  "connectivity": [
    "can",
    "ethernet"
  ],
  "debug": {
    "default_tools": [
      "stlink"
    ],
    "jlink_device": "STM32F439VI",
    "onboard_tools": [
      "stlink"
    ],
    "openocd_board": "st_nucleo_f4",
    "openocd_target": "stm32f4x",
    "svd_path": "STM32F439x.svd"
  },
  "frameworks": [
    "cmsis",
    "mbed",
    "stm32cube",
    "libopencm3"
  ],
  "name": "Seeed Wio 3G",
  "upload": {
    "maximum_ram_size": 262144,
    "maximum_size": 2097152,
    "protocol": "stlink",
    "protocols": [
      "stlink",
      "jlink",
      "blackmagic"
    ]
  },
  "url": "https://os.mbed.com/platforms/Seeed-Wio-3g/",
  "vendor": "SeeedStudio"
}
