{
  "build": {
    "cpu": "cortex-m3",
    "extra_flags": "-DSTM32L151xC",
    "f_cpu": "32000000L",
    "mcu": "stm32l151ccu6",
    "product_line": "STM32L151xC"
  },
  "debug": {
    "jlink_device": "STM32L151CC",
    "openocd_board": "st_nucleo_l1",
    "openocd_target": "stm32l1",
    "svd_path": "STM32L15xC.svd"
  },
  "frameworks": [
    "cmsis",
    "mbed",
    "stm32cube",
    "libopencm3"
  ],
  "name": "MultiTech xDot",
  "upload": {
    "maximum_ram_size": 32768,
    "maximum_size": 262144,
    "protocol": "stlink",
    "protocols": [
      "jlink",
      "cmsis-dap",
      "stlink",
      "blackmagic"
    ]
  },
  "url": "https://developer.mbed.org/platforms/MTS-xDot-L151CC/",
  "vendor": "MultiTech"
}
