{
    "CUSTOM_NUCLEO_L452RE_MBED": {
        "inherits": ["FAMILY_STM32"],
        "core": "Cortex-M4F",
        "extra_labels_add": ["STM32L4", "STM32L452xE", "STM32L452RE"],
        "config": {
            "clock_source": {
                "help": "Mask value : USE_PLL_HSE_EXTC (need HW patch) | USE_PLL_HSE_XTAL (need HW patch) | USE_PLL_HSI | USE_PLL_MSI",
                "value": "USE_PLL_MSI",
                "macro_name": "CLOCK_SOURCE"
            },
            "lpticker_lptim": {
                "help": "This target supports LPTIM. Set value 1 to use LPTIM for LPTICKER, or 0 to use RTC wakeup timer",
                "value": 1
            }
        },
        "macros_add": [
            "MBED_TICKLESS"
        ],
        "overrides": { "lpticker_delay_ticks": 4 },
        "detect_code": ["0770"],
        "device_has_add": [
            "ANALOGOUT",
            "CRC",
            "SERIAL_ASYNCH",
            "CAN",
            "TRNG",
            "FLASH",
            "MPU"
        ],
        "release_versions": ["2", "5"],
        "device_name": "STM32L452RE",
        "bootloader_supported": true
    }
}