{
  "build": {
    "cpu": "cortex-m4",
    "extra_flags": "-DSTM32L452xx",
    "f_cpu": "80000000L",
    "mcu": "stm32l452ret6",
    "variant": "NUCLEO_L452RE"
  },
  "connectivity": [
    "can"
  ],
  "debug": {
    "default_tools": [
      "stlink"
    ],
    "jlink_device": "STM32L452RE",
    "onboard_tools": [
      "stlink"
    ],
    "openocd_board": "st_nucleo_l4",
    "openocd_target": "stm32l4x",
    "svd_path": "STM32L4x2.svd"
  },
  "frameworks": [
    "mbed",
    "arduino",
    "stm32cube"
  ],
  "name": "ST Nucleo L452RE",
  "upload": {
    "maximum_ram_size": 65536,
    "maximum_size": 262144,
    "protocol": "stlink",
    "protocols": [
      "jlink",
      "stlink",
      "blackmagic",
      "mbed"
    ]
  },
  "url": "https://www.st.com/en/evaluation-tools/nucleo-l452re.html",
  "vendor": "ST"
}
